jane doe,1000323411,jziejvrrbd rjbwbbpbps,CYJP8FG8@mailanator.com,327436505,3867332798,jrjbwbbpbps,on,on
jane doe,1000322508,joeqaeowzl rwbkfeinlg,3EZB7IAX@mailanator.com,155372436,6125377251,jrwbkfeinlg,on,on
jane doe,1000323410,dsnnnbwfpc fmnxxzcwtp,D0DHF953@mailanator.com,534106151,6974614734,dfmnxxzcwtp,on,on
jane doe,1000322512,cadvchoumv tcgvpzngem,NP468AJG@mailanator.com,627312054,3137413429,ctcgvpzngem,on,on
jane doe,1000322506,zeqhvfmmdd omattgwvok,WPB8VEDA@mailanator.com,532287979,4299135433,zomattgwvok,on,on
jane doe,1000323415,wierndjszq nbprtgkamo,UIZCR4QK@mailanator.com,761880962,3172732611,wnbprtgkamo,on,on
jane doe,1000322516,iwspedewfr iztxwnzhvn,BLBPR8YZ@mailanator.com,350072873,5324186631,iiztxwnzhvn,on,on
jane doe,1000322525,trhhmyhawa jkulwpsldn,9QRP1SO6@mailanator.com,163913990,3164868124,tjkulwpsldn,on,on
jane doe,1000323419,ndznocuady izedywazjm,GYRINIRE@mailanator.com,794212322,2246397878,nizedywazjm,on,on
jane doe,1000322522,avpvxlfysc gjuuxtyefz,HLRO4F3X@mailanator.com,326569314,9587326345,agjuuxtyefz,on,on
jane doe,1000322528,ffypkpicep lniunvlkjd,LS6CQ8PB@mailanator.com,194364211,2768594767,flniunvlkjd,on,on
jane doe,1000324067,ieelnifcyv hhxsjknbjs,O1MBQDNG@mailanator.com,620719439,1586158737,ihhxsjknbjs,on,on
jane doe,1000322532,ewwktueewa vvldfksfeq,673JG0KC@mailanator.com,670040330,8256616171,evvldfksfeq,on,on
jane doe,1000323423,sopytfdenx lqhadkanqs,TZ44GMFA@mailanator.com,191239337,5971355141,slqhadkanqs,on,on
jane doe,1000322536,kmqwbnarqt tqudlqgxsk,7BP3FRKQ@mailanator.com,175656020,7284717984,ktqudlqgxsk,on,on
jane doe,1000323427,qnwuvrpoax tcvqovtkkn,9RA1R8I4@mailanator.com,243991439,3933246933,qtcvqovtkkn,on,on
jane doe,1000322545,osxkbzfcha havtdjjaxq,WISTHPRP@mailanator.com,995598782,2227489573,ohavtdjjaxq,on,on
jane doe,1000322543,btswnputms ahqhxebflo,QI0LY9VV@mailanator.com,197704795,2456445717,bahqhxebflo,on,on
jane doe,1000322551,xkzvrcwojp mzsgpynpvf,0OUHNHAH@mailanator.com,081331675,7733229879,xmzsgpynpvf,on,on
jane doe,1000322558,ltdcrdwtkx rqznsqpgok,K01W9YLC@mailanator.com,140593583,2537397263,lrqznsqpgok,on,on
jane doe,1000323435,gqikkdkkhm zbmbkhlyxg,L0TXF94E@mailanator.com,116562258,2695261382,gzbmbkhlyxg,on,on
jane doe,1000324071,srsdckqaws zrgjjpptdu,78ME7NCF@mailanator.com,954212536,4762783359,szrgjjpptdu,on,on
jane doe,1000323431,ekkbveamrp ptpzgzdlgb,HY8YKXQF@mailanator.com,645566183,3559671948,eptpzgzdlgb,on,on
jane doe,1000322554,ibaqnxiyif gmvoepkuim,UKZUP3FK@mailanator.com,610196090,2974458479,igmvoepkuim,on,on
jane doe,1000323439,ryxchhremf gofblaxyhr,5E4BIANB@mailanator.com,457403711,6421327971,rgofblaxyhr,on,on
jane doe,1000322564,cpdqynlrkh lxfmrmodpr,QVIS8PJF@mailanator.com,808852221,6155924453,clxfmrmodpr,on,on
jane doe,1000322574,eadpekvkjp yqlpzykfgq,K4MQN5J5@mailanator.com,846674200,1263875923,eyqlpzykfgq,on,on
jane doe,1000322573,jhdgrkmejj ksdjfbrgkv,3A7N7K8Z@mailanator.com,670096392,4856878282,jksdjfbrgkv,on,on
jane doe,1000322560,nnavgsgwrp pjrlljtvqk,KL51FWKZ@mailanator.com,427245843,2528572118,npjrlljtvqk,on,on
jane doe,1000322576,nhspeujrmw ucbevhizwq,0FT3O4RA@mailanator.com,381074004,2787363826,nucbevhizwq,on,on
jane doe,1000323443,uxsjshgzvi hqobruplrx,FHRHPK2S@mailanator.com,661242038,3962213925,uhqobruplrx,on,on
jane doe,1000323447,iyvgmwnzay dsufnheoov,XA5MLJY9@mailanator.com,297326640,4462513552,idsufnheoov,on,on
jane doe,1000322580,hmkehaorke diprdjirvq,VOGOBUI9@mailanator.com,375094695,2477476482,hdiprdjirvq,on,on
jane doe,1000322592,joiwxpenaw nvxitaeqxr,E7RB0NF5@mailanator.com,702967969,9946684772,jnvxitaeqxr,on,on
jane doe,1000322591,usqbgsokyr qcurtwzjpb,N9OLT94D@mailanator.com,672325164,1497427492,uqcurtwzjpb,on,on
jane doe,1000322584,usfoylqola npbvqiycws,2LV35M2N@mailanator.com,333162694,7491549917,unpbvqiycws,on,on
jane doe,1000324075,akvpigvvta krmibovneg,WYJ2WZCA@mailanator.com,458295583,2249586639,akrmibovneg,on,on
jane doe,1000322600,vwfgwtjxfr ksnygihvkt,QC4N72QF@mailanator.com,225700802,6919784746,vksnygihvkt,on,on
jane doe,1000322599,lpwjjuqrrg fbnyacvndu,Q1850JUK@mailanator.com,583696165,8224628237,lfbnyacvndu,on,on
jane doe,1000322604,aghveszouo gfcqvbmajg,B7073OYG@mailanator.com,496038564,4734341268,agfcqvbmajg,on,on
jane doe,1000323455,dzvuialpor xhpdhoqwpi,LZKUEH97@mailanator.com,719743811,1646521839,dxhpdhoqwpi,on,on
jane doe,1000323454,auleymprek cwyrnrpraf,SL3UHTGK@mailanator.com,219863525,6829164933,acwyrnrpraf,on,on
jane doe,1000322613,dgwqcnhzey qyrsocxboe,RRGAGDZP@mailanator.com,923331599,4932584584,dqyrsocxboe,on,on
jane doe,1000324079,bzuqjqwfjv rsqbgfggqh,DUJMSA92@mailanator.com,147743392,9114697364,brsqbgfggqh,on,on
jane doe,1000322614,nihkjeyrnz oefdculkrj,37S00PNP@mailanator.com,639300238,8569626458,noefdculkrj,on,on
jane doe,1000323459,jnyfqegnxu oqhacadbtv,RRI3G10V@mailanator.com,975796198,6164424276,joqhacadbtv,on,on
jane doe,1000322620,ghqaadfbbx jjwvomndrb,B3KLF6DR@mailanator.com,468043009,1784852562,gjjwvomndrb,on,on
jane doe,1000322619,msvsrglavd ltmuxeyduz,9AWZXI3L@mailanator.com,876482178,3885952468,mltmuxeyduz,on,on
jane doe,1000322628,eqnowybmyd xugqjnknmt,7AA91T3P@mailanator.com,968577640,5813124187,exugqjnknmt,on,on
jane doe,1000323466,zgnwmmoppv fyzygcdyxr,CBDWQ5R3@mailanator.com,776976283,5885572543,zfyzygcdyxr,on,on
jane doe,1000322631,tmccmtznzq dawzewmuzc,ZNBBLV57@mailanator.com,735062590,2971955663,tdawzewmuzc,on,on
jane doe,1000323467,lmwccdoljo ulkbhsljik,MF6QYEHV@mailanator.com,670727661,5477235132,lulkbhsljik,on,on
jane doe,1000322636,gprigeqyyk avmllnybmd,PB7QE2BL@mailanator.com,024225781,5766123846,gavmllnybmd,on,on
jane doe,1000324083,pwlzvzzcqi xajtdcusnv,C61SQEZC@mailanator.com,315317144,9629883969,pxajtdcusnv,on,on
jane doe,1000322632,qankuzxyug ycmcclgqpv,IAEF05JG@mailanator.com,851007747,7165392236,qycmcclgqpv,on,on
jane doe,1000323471,gziaictbsp ibbxmwmpii,25YHWECZ@mailanator.com,884177775,1794623359,gibbxmwmpii,on,on
jane doe,1000322649,dqubqojqmh afedhbfkhr,LLU6NTSD@mailanator.com,274337811,8431663996,dafedhbfkhr,on,on
jane doe,1000323475,lfhunfsqkf itijshdojh,OIX5ILGV@mailanator.com,236136535,2449762171,litijshdojh,on,on
jane doe,1000322647,pxhjuftzph sqbgeollnu,RUU4G1KN@mailanator.com,106030350,5235199227,psqbgeollnu,on,on
jane doe,1000322654,cfxbgbwijr ptaxcerlgo,BVCJ9M2R@mailanator.com,632449905,5355491448,cptaxcerlgo,on,on
jane doe,1000322640,nrcecdmliu rdvbrigncu,2XGKJQ0A@mailanator.com,100254244,6994659814,nrdvbrigncu,on,on
jane doe,1000322660,wcoahnegvj ftvbbooful,Y60ZVSFJ@mailanator.com,513869315,7972532935,wftvbbooful,on,on
jane doe,1000323479,tfjybiuxik nrszrmyzso,DJK1XID3@mailanator.com,810591561,8623467653,tnrszrmyzso,on,on
jane doe,1000322656,clrzdbzrvl ljirovceoi,NPZMH5TY@mailanator.com,565965424,8966924632,cljirovceoi,on,on
jane doe,1000323483,uwxwdjxwwj ypmgwslyfy,QUEPOZOL@mailanator.com,955558618,4638346552,uypmgwslyfy,on,on
jane doe,1000323487,vjgymhcyfq ruoimajeom,5NLAGEJU@mailanator.com,842814525,4531782241,vruoimajeom,on,on
jane doe,1000322668,macxwkfccc fqmqdblupj,3HNDL2LI@mailanator.com,442450972,3433745929,mfqmqdblupj,on,on
jane doe,1000322674,gtajmlrkah shtanrjpaf,PIJEA85D@mailanator.com,685675667,3783281932,gshtanrjpaf,on,on
jane doe,1000322676,bshltpdwcg hhxnvmdqtq,W3TL3EL6@mailanator.com,818724473,9296248335,bhhxnvmdqtq,on,on
jane doe,1000322667,jdeyaudrjx aadhqobcsd,KCB4EWC5@mailanator.com,706505599,3241315487,jaadhqobcsd,on,on
jane doe,1000324087,ahiscuqwpj knxzanvhqi,59FMPYKX@mailanator.com,940766897,5916593791,aknxzanvhqi,on,on
jane doe,1000322682,ofkqmnegsf cmjqgbuhcb,3OO6DAD9@mailanator.com,037400191,9974937992,ocmjqgbuhcb,on,on
jane doe,1000322684,hepywnzonq ufyibnvglf,F43QUAC3@mailanator.com,467632110,2835977445,hufyibnvglf,on,on
Aphisara Yamkasem,1000323495,uhbrljdjge trtqklgyft,VJ275VOO@mailanator.com,160364231,2918985627,utrtqklgyft,on,on
jane doe,1000322688,askeylhtud owdehbdjeh,UYN1NA5Z@mailanator.com,366903500,6277345575,aowdehbdjeh,on,on
jane doe,1000323491,rjplveqmfl azelxwwqzv,FUZ2PA6D@mailanator.com,980832050,9743353679,razelxwwqzv,on,on
Aphisara Yamkasem,1000322696,qbswxsfcqu bnfmfhased,W1IBNY1K@mailanator.com,353524371,9724614355,qbnfmfhased,on,on
jane doe,1000323499,mcwwbslkwh ymiqpyrybb,2EK67X32@mailanator.com,587444146,2614718912,mymiqpyrybb,on,on
Aphisara Yamkasem,1000322707,kztqswsprd xmufvmiviy,Z2YP6066@mailanator.com,678614735,8871633742,kxmufvmiviy,on,on
Aphisara Yamkasem,1000322708,luehcbmbzh twxoufklmn,34T6YHEN@mailanator.com,912508584,3673521755,ltwxoufklmn,on,on
Aphisara Yamkasem,1000322706,uwdeijhqaj jpffyysdln,WH0AWSXN@mailanator.com,545518025,1258877269,ujpffyysdln,on,on
Aphisara Yamkasem,1000324091,teepwmvxrs vejwxortzk,9SKZ2659@mailanator.com,856004425,5554431654,tvejwxortzk,on,on
Aphisara Yamkasem,1000322693,pnuxpznakp ebhuuzauzy,Q6SAA5YD@mailanator.com,121706324,9495131448,pebhuuzauzy,on,on
Aphisara Yamkasem,1000323503,xytyiwztcb cxpbcfwnto,BFFHW2ZB@mailanator.com,747572048,7743668318,xcxpbcfwnto,on,on
Aphisara Yamkasem,1000323507,neqhzdnfzj irhafwsike,C5MSQMH4@mailanator.com,142521195,7168833469,nirhafwsike,on,on
Aphisara Yamkasem,1000323511,jjrkgavnmi tyvlzzkdqd,OSX79A20@mailanator.com,757702445,7681716331,jtyvlzzkdqd,on,on
Aphisara Yamkasem,1000322726,kvgphcxjuk cmuxisiuky,02DW15MP@mailanator.com,183967537,1497976726,kcmuxisiuky,on,on
Aphisara Yamkasem,1000324095,lcoolyxysx efcpbwcuck,DWZ4JKDM@mailanator.com,056498925,6241353529,lefcpbwcuck,on,on
Aphisara Yamkasem,1000322730,krncvrafmd yeerbgwtxz,79YKUOZR@mailanator.com,523966190,3723594965,kyeerbgwtxz,on,on
Aphisara Yamkasem,1000322731,yfifkhdcbn owhtqtyewd,GS0FGIVN@mailanator.com,424945721,7235842951,yowhtqtyewd,on,on
Aphisara Yamkasem,1000322713,okbulkbppj jwcyvlqrln,WWBZ3CFX@mailanator.com,149918355,7195111359,ojwcyvlqrln,on,on
Aphisara Yamkasem,1000322725,jjcnfqmefk lmrdishyuf,OIVTG3DF@mailanator.com,236569568,1765567614,jlmrdishyuf,on,on
Aphisara Yamkasem,1000323518,lfvmattdqn sghkpsjarf,K9541M8I@mailanator.com,767049782,6671157974,lsghkpsjarf,on,on
Aphisara Yamkasem,1000322732,ctexrvequk qoyzhpybjv,POEO2A8A@mailanator.com,244839314,9538451569,cqoyzhpybjv,on,on
Aphisara Yamkasem,1000323519,bqoacwybsw veowmchtsn,2F8PDSB9@mailanator.com,542728256,4859485528,bveowmchtsn,on,on
Aphisara Yamkasem,1000323523,ygdwagtjxk cjmscnbyny,ZILOPZKQ@mailanator.com,128791384,3428121626,ycjmscnbyny,on,on
Aphisara Yamkasem,1000322738,uxxvumfaen tohnpnesca,SSFMP5MP@mailanator.com,141463053,9516573572,utohnpnesca,on,on
Aphisara Yamkasem,1000324099,kyltsptxfe kitxxypnlb,ZE52U3WQ@mailanator.com,063224771,6874831898,kkitxxypnlb,on,on
Aphisara Yamkasem,1000322747,gehbzskdov tuibnzqnle,55ISF5HE@mailanator.com,277879647,9149512359,gtuibnzqnle,on,on
Aphisara Yamkasem,1000322752,bmjjaqwzxr ztqgarkkmd,2WAOO0OR@mailanator.com,354363205,6964785963,bztqgarkkmd,on,on
Aphisara Yamkasem,1000322748,mdnhxhlqhx bjtcfqpfjz,CBVGD41A@mailanator.com,020251471,9373441619,mbjtcfqpfjz,on,on
jane doe,1000323533,joflwyzxvw yotgjjvlmn,JMNH5ZK4@mailanator.com,618098805,7272767571,jyotgjjvlmn,on,on
jane doe,1000323535,gymywyryxx fstljqwdix,U5KHJMC6@mailanator.com,414152068,9463618713,gfstljqwdix,on,on
jane doe,1000324103,fufpasyxwx vfeulkiilm,8MX0CROL@mailanator.com,638320014,9861744463,fvfeulkiilm,on,on
jane doe,1000322765,jcwuoqkenw vzouifoujy,N88HV4W8@mailanator.com,322107594,4814118724,jvzouifoujy,on,on
jane doe,1000322768,rucjdgctdx bfxxjcnzzs,0MK3U773@mailanator.com,228021086,4353418824,rbfxxjcnzzs,on,on
jane doe,1000322760,aiqovqhujd wsnzxbodsx,9AVXB9RZ@mailanator.com,885185150,5377634946,awsnzxbodsx,on,on
jane doe,1000323527,qotkdvlklj gwssgosvmk,O0WQANFJ@mailanator.com,819454121,3694338262,qgwssgosvmk,on,on
jane doe,1000322756,pwkbfwmrey khqbxdydce,N1XKXJYD@mailanator.com,460399246,1929319837,pkhqbxdydce,on,on
Aphisara Yamkasem,1000322743,ghcpohojdi xkelvjenqm,ABLRGJ34@mailanator.com,635150436,4246753499,gxkelvjenqm,on,on
jane doe,1000323543,wrlyaiaxhs ezdwsilgby,4C37GVBO@mailanator.com,163901845,9328378223,wezdwsilgby,on,on
jane doe,1000322772,jindyxuixu mvwfmnqbmi,U06B7CAH@mailanator.com,400078275,5419232525,jmvwfmnqbmi,on,on
jane doe,1000324107,pglpqxoxjz lhmjobyxni,LJNGIBZD@mailanator.com,040450083,7178841763,plhmjobyxni,on,on
jane doe,1000323539,bozegdxwpa lvjarvgxsc,M64HKUVB@mailanator.com,064149708,4993631166,blvjarvgxsc,on,on
jane doe,1000322783,sbslhlvapk rubvhjlsoa,AQUWA3EV@mailanator.com,507206494,9595687468,srubvhjlsoa,on,on
jane doe,1000322782,okevsuzwyf gtghfvvpce,PX2EJ7NC@mailanator.com,279236157,3574857391,ogtghfvvpce,on,on
jane doe,1000323547,udocvpzxbf dngoizbumv,F80H4XYC@mailanator.com,347756591,2635955438,udngoizbumv,on,on
jane doe,1000322784,mxtngcdlwq bnnimvkdbl,VFS24N09@mailanator.com,230502636,9429868343,mbnnimvkdbl,on,on
jane doe,1000323551,mkpiqykejj eiexzcllvs,R8EEAAVU@mailanator.com,317182047,8413775722,meiexzcllvs,on,on
jane doe,1000322796,uenltihvhf ejctwgevsm,46IDYKIE@mailanator.com,276901297,3429872699,uejctwgevsm,on,on
jane doe,1000322800,fdmikduviv lcvtowqywl,3SJ4KG75@mailanator.com,252677457,5221712237,flcvtowqywl,on,on
jane doe,1000322791,exonkyxgux hwigdiqdao,7P4XMCBX@mailanator.com,319777404,8443857238,ehwigdiqdao,on,on
jane doe,1000322792,eawqajcgji saxmzasyxa,8WZ06JCX@mailanator.com,133326675,1175558763,esaxmzasyxa,on,on
jane doe,1000322806,lxgluyblda hyzbtawqyj,SOW4QXP7@mailanator.com,011419904,5382268948,lhyzbtawqyj,on,on
jane doe,1000322808,iwteebuzvo etpikvtkdk,LSU83T4C@mailanator.com,700765812,4644524355,ietpikvtkdk,on,on
jane doe,1000324111,mthswrleop gdcyghrdvl,VE5IQRCE@mailanator.com,069715717,5168887251,mgdcyghrdvl,on,on
jane doe,1000323559,vndlcqrbro pluqyfhcgn,Z0JRNKA1@mailanator.com,456854438,6869175521,vpluqyfhcgn,on,on
jane doe,1000323555,mcgpvlnevu nkevcapnvb,1GNYQDM8@mailanator.com,632656389,3183921395,mnkevcapnvb,on,on
jane doe,1000322816,qlrxfjffuu loeqmhldjq,RWMJI10R@mailanator.com,734978607,6112452537,qloeqmhldjq,on,on
jane doe,1000323563,pitnoppkee mcfswrzksn,ZH12OAM4@mailanator.com,619982056,2262176811,pmcfswrzksn,on,on
jane doe,1000322828,qprmjgjbfp pomyugnrek,TY4XAEH9@mailanator.com,445601426,8486117676,qpomyugnrek,on,on
jane doe,1000322815,bgavybhoyq jzubefihqi,5SDBYA84@mailanator.com,093731185,5144174194,bjzubefihqi,on,on
jane doe,1000324115,rvutaceivm uevvjrkgtr,7MZ4G5RI@mailanator.com,818467873,7136477911,ruevvjrkgtr,on,on
jane doe,1000323567,bnvfptmjsh kfrhmilizj,02UIUWLN@mailanator.com,725136642,2222139747,bkfrhmilizj,on,on
jane doe,1000322827,zegmufcpbu dxygbgckfx,RGTIVUGI@mailanator.com,841552444,2361253769,zdxygbgckfx,on,on
jane doe,1000322836,krbiwrqncv qsuivyxquk,I6LM5A2H@mailanator.com,769796114,3173286527,kqsuivyxquk,on,on
jane doe,1000322820,zbuguqhdto drhsmwbprf,F6OW447E@mailanator.com,575669810,2472489636,zdrhsmwbprf,on,on
jane doe,1000322834,ifhzqlombu oqsqovkami,0CLGMLIO@mailanator.com,582634556,9778951428,ioqsqovkami,on,on
jane doe,1000322842,eygbshxsph bmmbcnjbht,XYO1S5U1@mailanator.com,481298058,5136626765,ebmmbcnjbht,on,on
jane doe,1000322844,akecseqikx tayhuomvka,WE8U6FL7@mailanator.com,883078168,8389595812,atayhuomvka,on,on
jane doe,1000323573,dazwblowxb mvxqzajcli,1FJIKVEQ@mailanator.com,398900239,7739523465,dmvxqzajcli,on,on
jane doe,1000323575,ugtzyvdmhv htpfwitnrv,DP4335RZ@mailanator.com,222287586,4787423715,uhtpfwitnrv,on,on
jane doe,1000323579,iyycozgeyy lzqkmboqal,2M2BIFN3@mailanator.com,242725212,9669258129,ilzqkmboqal,on,on
jane doe,1000322856,xrahvxsmkg hnilwgwfqp,ZDU1ASIT@mailanator.com,701486232,6245685364,xhnilwgwfqp,on,on
jane doe,1000322855,xsvljnpdnw xotdojnegg,XYBYGC9B@mailanator.com,894956059,7428988388,xxotdojnegg,on,on
jane doe,1000322848,jjwhzljhnz gxretyafpg,KNUU4FQI@mailanator.com,408819772,6785194456,jgxretyafpg,on,on
jane doe,1000322860,hjtxejaitm vgelekqdwy,6VGGU2UP@mailanator.com,243813348,7548598185,hvgelekqdwy,on,on
jane doe,1000324119,auutlnhoqh ywqknnbixu,XJK02SUK@mailanator.com,845540169,2775159484,aywqknnbixu,on,on
jane doe,1000322866,pduzxsoged uqxckoxhue,11JRTGSJ@mailanator.com,676381528,1137513342,puqxckoxhue,on,on
jane doe,1000323591,flfoncxifc itnmkdkgvn,L18JJ8NV@mailanator.com,428940604,3166939946,fitnmkdkgvn,on,on
jane doe,1000323585,qtmhhtwfyj aatnmqvtxv,MCZMIZ6G@mailanator.com,832320754,8879639423,qaatnmqvtxv,on,on
jane doe,1000322868,esgzzgcxtm fuukrfodzs,4ZHZOS86@mailanator.com,486300289,4489392863,efuukrfodzs,on,on
jane doe,1000322881,bvkpravihz japvlicoci,62UJNK1Y@mailanator.com,292633837,3684624135,bjapvlicoci,on,on
jane doe,1000322882,oiarnbxjzu bztbfvsjmc,B63L36JG@mailanator.com,153465804,9183897567,obztbfvsjmc,on,on
jane doe,1000322876,izsrnecrpb cfoesxjjdt,T7348K1E@mailanator.com,015013208,7738216572,icfoesxjjdt,on,on
jane doe,1000322884,ywkstwjyzk gdchjpaumm,QXVKQTL0@mailanator.com,592877629,5683174253,ygdchjpaumm,on,on
jane doe,1000324123,fkjxqeaart qwrgjxvwad,8U7XQOU3@mailanator.com,322355493,6588169397,fqwrgjxvwad,on,on
jane doe,1000322888,hnvilirdbg gjmaokgmdn,RECZLMDH@mailanator.com,044660032,6718769543,hgjmaokgmdn,on,on
jane doe,1000323589,sgjuqbybmy lpwnipoeyh,EEUMT9QQ@mailanator.com,469470724,4447158598,slpwnipoeyh,on,on
jane doe,1000323599,lhuayxvxfv mtzhuqlibx,UB4J6Y07@mailanator.com,086224893,9686162387,lmtzhuqlibx,on,on
jane doe,1000322897,gkttqizhck fqmrcpbkau,2ZW2E5ZK@mailanator.com,873652911,3546834629,gfqmrcpbkau,on,on
jane doe,1000322898,mjhbkzftzs qkomhdpsds,NSKPS9YJ@mailanator.com,351427429,4682777891,mqkomhdpsds,on,on
jane doe,1000322902,jczztgkwvp rbxmcsykdv,MLLN1GHD@mailanator.com,132948725,1256766225,jrbxmcsykdv,on,on
jane doe,1000323598,lvycaqoxwx wzbgzomdjl,YWWC1ZDK@mailanator.com,286713553,6862851769,lwzbgzomdjl,on,on
jane doe,1000322906,wivvcfoqwx ckyvnrescp,94UBAEW6@mailanator.com,513033265,1769954288,wckyvnrescp,on,on
jane doe,1000324127,bkoqbibkeo gwjeymhqgh,ERS0DAZ1@mailanator.com,746487714,5147878872,bgwjeymhqgh,on,on
jane doe,1000322908,bbbsjwrhax khccwugjkx,ATB6IIYV@mailanator.com,320452660,3852924745,bkhccwugjkx,on,on
jane doe,1000322921,mbdjyxijnl xflnxjpugs,BL434NZX@mailanator.com,324803242,7552155872,mxflnxjpugs,on,on
jane doe,1000322923,xyzhfoddcg vxaxmdhtkn,PZYNYP9S@mailanator.com,792653224,3456555622,xvxaxmdhtkn,on,on
jane doe,1000322912,wsqggkhdnm smwiuwyihm,MPT6B6NF@mailanator.com,863064925,7593743679,wsmwiuwyihm,on,on
jane doe,1000322924,geqecmrxtq gzvgzdnmsn,U3F359LT@mailanator.com,947425572,8597291429,ggzvgzdnmsn,on,on
jane doe,1000323607,opqcijbctm embbopfmzk,BJMREWOJ@mailanator.com,287195716,4526133957,oembbopfmzk,on,on
jane doe,1000324131,euggrsibug yzmslexqsh,ORXHGLH8@mailanator.com,379799766,7148644572,eyzmslexqsh,on,on
jane doe,1000322931,bbbuwopkoc iqrmqyybbg,P8272V5U@mailanator.com,448197557,7563589354,biqrmqyybbg,on,on
jane doe,1000323603,zhtocgdecl irxtswhrls,LN8AFT98@mailanator.com,393670086,4531399922,zirxtswhrls,on,on
jane doe,1000322932,pygduwicmn cgakgueqqe,SHS392RS@mailanator.com,798724812,1124151384,pcgakgueqqe,on,on
jane doe,1000323611,ntbshgcneh ullrvkbxun,9MBRCAK2@mailanator.com,040363217,5999818462,nullrvkbxun,on,on
jane doe,1000322946,yottuciaok frflttqmxn,HANUHETW@mailanator.com,121482859,3912431297,yfrflttqmxn,on,on
jane doe,1000322948,rblzvfvplk glwiyfvhrg,0XORYJIR@mailanator.com,457997335,6243142183,rglwiyfvhrg,on,on
jane doe,1000322937,guuamaoato vurynzzxyv,UILMLLBV@mailanator.com,541507890,4833245656,gvurynzzxyv,on,on
jane doe,1000323615,cyrjnonhgb uwgxpwzmfe,3ET7D315@mailanator.com,720077314,4279296681,cuwgxpwzmfe,on,on
jane doe,1000322942,janvzcdoiv qkljvdvbas,13S3PCVX@mailanator.com,311664471,8748798281,jqkljvdvbas,on,on
jane doe,1000322956,fuuzblfatw jpqjhgknes,9EFXWM2Q@mailanator.com,636019574,9758498885,fjpqjhgknes,on,on
jane doe,1000323619,eoemozloee xcpbhpwqym,KZ20O9CN@mailanator.com,329631764,2563917917,excpbhpwqym,on,on
jane doe,1000324135,btdvckmnbe ewcbtofhev,83VSIOYR@mailanator.com,539897341,9166171283,bewcbtofhev,on,on
jane doe,1000322960,ruiluejybt yggejjwrqi,PM7VUXFB@mailanator.com,159303142,1741399814,ryggejjwrqi,on,on
jane doe,1000322954,wpcpdquarn njuflvhjuv,0VD8ETKY@mailanator.com,590898682,6917828318,wnjuflvhjuv,on,on
jane doe,1000322964,czukqjwegs xhxrxlaqvn,PK3IDCJP@mailanator.com,199272272,7553664362,cxhxrxlaqvn,on,on
jane doe,1000323631,siqylyjcro fcqijsvfkp,Q5RZEHWU@mailanator.com,650399624,7267326372,sfcqijsvfkp,on,on
jane doe,1000322970,fkvpdmhnut gpupsnlmjq,JBTZ4L7G@mailanator.com,581722699,1994827772,fgpupsnlmjq,on,on
jane doe,1000323626,urcvwhoybb cxpnqzjjjr,8G4QTVWE@mailanator.com,540239216,3495552357,ucxpnqzjjjr,on,on
jane doe,1000323627,zalwhjwdwj veqvnhhdqo,D6CUNJUL@mailanator.com,312491381,3289667951,zveqvnhhdqo,on,on
jane doe,1000322976,tuecjtgkiv phhlwbncmo,YDW59IEV@mailanator.com,948174495,6142228244,tphhlwbncmo,on,on
jane doe,1000322984,sdwjtzmkir vsasducwjd,HVTMO1VK@mailanator.com,251142527,9745633292,svsasducwjd,on,on
jane doe,1000322972,rjucsmkxhv sinkwsdezi,I0D80N9A@mailanator.com,114283964,3247913925,rsinkwsdezi,on,on
jane doe,1000324139,wmvquxltyd sxkovyinxu,CSRDQPYE@mailanator.com,901915845,8488889854,wsxkovyinxu,on,on
jane doe,1000322988,esnyclmocu dudaswjqud,CEZKD11T@mailanator.com,665443748,4587712233,edudaswjqud,on,on
jane doe,1000322998,kkgvxlccgb tjmgozgjia,Y38X95I7@mailanator.com,580025669,7562857324,ktjmgozgjia,on,on
jane doe,1000322982,kuawbyzviq bbfhdzqkkv,WY8JMKCK@mailanator.com,448221116,3656847386,kbbfhdzqkkv,on,on
jane doe,1000323637,mhjoerwkug lszrijtukm,C3IOKYAJ@mailanator.com,269864725,8893685538,mlszrijtukm,on,on
jane doe,1000322993,vvpaeuihis oarqijepoa,Z1KOA2KA@mailanator.com,550803542,6626786316,voarqijepoa,on,on
jane doe,1000323641,qexffjtkec frloftjwhl,399DWNGU@mailanator.com,521706344,6398795373,qfrloftjwhl,on,on
jane doe,1000323643,tzcxtlfnfy lyxbbskfcq,EOUM1J7U@mailanator.com,940926404,8879799879,tlyxbbskfcq,on,on
jane doe,1000325008,qlvhsvgnor biloivhdym,ID67J8ZI@mailanator.com,397479804,2296589585,qbiloivhdym,on,on
jane doe,1000325006,wxpmayhcyu jhgnuzmhvx,4ZLB2BM9@mailanator.com,690734011,8781969524,wjhgnuzmhvx,on,on
jane doe,1000325000,vwxnwxxmqu tzolqthgxh,ITA3VM9D@mailanator.com,951251115,3429228151,vtzolqthgxh,on,on
jane doe,1000324143,kehugainot nfonxzokrd,3C3MUIL0@mailanator.com,571370709,2883565572,knfonxzokrd,on,on
jane doe,1000323651,akjzmgnqrm dpctfpcumi,PDDY7UXM@mailanator.com,826769239,9774653179,adpctfpcumi,on,on
jane doe,1000325020,axdlnqvyye rxbfyadgrv,I07Q934C@mailanator.com,074908116,5677471689,arxbfyadgrv,on,on
jane doe,1000323654,cxlxlnbfkr zevxalpbxd,WZJHFNC8@mailanator.com,343198410,7735591436,czevxalpbxd,on,on
jane doe,1000325012,rynbwuwdtm glzsrcvlbp,QAY9K86B@mailanator.com,826609621,2748551219,rglzsrcvlbp,on,on
jane doe,1000325018,txkpnxkvan ffwtumygzl,YAUZY7I4@mailanator.com,222247265,9691979734,tffwtumygzl,on,on
jane doe,1000324147,cvpbedawli xdaoyyfnyt,4Y4TK6Y7@mailanator.com,681198411,7492387872,cxdaoyyfnyt,on,on
jane doe,1000325028,dlpxeckxqa lbduvlqdmv,XP21OXSL@mailanator.com,202841822,8995194272,dlbduvlqdmv,on,on
jane doe,1000323655,eodujllzav ybzeefzrdd,SSRBAJB0@mailanator.com,592290736,3837447961,eybzeefzrdd,on,on
jane doe,1000325036,fuhzxyblcv erqwrjlzic,NLG1AY9F@mailanator.com,833620394,7447555886,ferqwrjlzic,on,on
jane doe,1000325026,qbbryxzatw iuftfavlfs,MJC1Y3AX@mailanator.com,813957208,2484216471,qiuftfavlfs,on,on
jane doe,1000323663,rtygpybcza qzpakqjhuz,MFUZVR6H@mailanator.com,312254198,5682342456,rqzpakqjhuz,on,on
jane doe,1000324151,zncjkhzwox anonsobdye,0JR1XZQV@mailanator.com,287514164,6765714225,zanonsobdye,on,on
jane doe,1000325044,aanfijgntm tbyzofjstt,AIMFA8WU@mailanator.com,599199765,2816364698,atbyzofjstt,on,on
jane doe,1000323667,elyuvrodmb lardmbihoq,D732GTPF@mailanator.com,371890523,8913392394,elardmbihoq,on,on
jane doe,1000325054,tyaxdenfbm rbfzymogzn,J813GK3Z@mailanator.com,019107364,2939179874,trbfzymogzn,on,on
jane doe,1000325048,qvxhynjgwl qawqjckcky,KXQFZZ2M@mailanator.com,932210971,9845249949,qqawqjckcky,on,on
jane doe,1000325032,cmrcktclfw zmnprbxizv,5L7Y644U@mailanator.com,539594064,1187818337,czmnprbxizv,on,on
jane doe,1000323671,wmnltnnhzk rflhhcrjnj,0WOCR57T@mailanator.com,751230290,2734425437,wrflhhcrjnj,on,on
jane doe,1000325056,fjosdbsjyv akfpsjwuxr,QY1SU4XD@mailanator.com,850255440,7514825777,fakfpsjwuxr,on,on
jane doe,1000325042,fbncspjbeb pzscixviir,WNVGO2H9@mailanator.com,211122782,2319681935,fpzscixviir,on,on
jane doe,1000323661,kcatnzuaoh idysygcutx,Q3V1WLEP@mailanator.com,206882040,1219728995,kidysygcutx,on,on
jane doe,1000323675,uwsfhklzam ovmmzawndk,FV9FNCT5@mailanator.com,041950648,9387923981,uovmmzawndk,on,on
jane doe,1000324155,pxbpnahbxl ogcxycttnn,L0ZVT6O1@mailanator.com,416297475,7893359163,pogcxycttnn,on,on
