hesagdrxblard.myrfostg.biz,PFUQJC5P@mailanator.com
plabthnagykbl.myrfostg.biz,0KS7E0SY@mailanator.com
paidlhdtucbsw.myrfostg.biz,0BJ0R74N@mailanator.com
fhasjgkwfpvog.myrfostg.biz,C4OIMEYC@mailanator.com
xyjjmjrrzdpyu.myrfostg.biz,GAVMVOOS@mailanator.com
eckadfeqmoits.myrfostg.biz,IHD34QI2@mailanator.com
yadsztloxhhsy.myrfostg.biz,2DT5ZXAP@mailanator.com
anohaxtupqnyb.myrfostg.biz,GDC6A5KA@mailanator.com
xcplfvjdvusko.myrfostg.biz,YST50BG0@mailanator.com
ihrzhwplthgsw.myrfostg.biz,SDJREIWP@mailanator.com
asciprrbnfkzh.myrfostg.biz,RUFQ9SOS@mailanator.com
msizwzipwopzs.myrfostg.biz,5PDIN382@mailanator.com
zezcwqsggbrgc.myrfostg.biz,VGY5RT70@mailanator.com
qsvzsekpchrvb.myrfostg.biz,7WL753BC@mailanator.com
zrpwbuoswkvql.myrfostg.biz,9ARBT9NG@mailanator.com
mjtnvvkmuctoe.myrfostg.biz,XG6DE6Q8@mailanator.com
vqarjouijxgbh.myrfostg.biz,NCBYQJVM@mailanator.com
pccvvhlrdbmgq.myrfostg.biz,U4T3YCEI@mailanator.com
pzykggfdemiel.myrfostg.biz,T1GZL9KV@mailanator.com
sdnmbynfztlxa.myrfostg.biz,7CD4I5PX@mailanator.com
dzvixzgsowvhu.myrfostg.biz,SNKRBVKN@mailanator.com
omsflnhpfqafh.myrfostg.biz,H3OEMZJZ@mailanator.com
djrgsyzuoymgg.myrfostg.biz,15845N55@mailanator.com
swjodrrvevlio.myrfostg.biz,ICMVK13N@mailanator.com
epezxwvrhltyr.myrfostg.biz,97HK3XFE@mailanator.com
jripapnbbpcdf.myrfostg.biz,15ZSS82S@mailanator.com
xljfpwvzyuxhe.myrfostg.biz,B3YUNJ2M@mailanator.com
berdgztduevkb.myrfostg.biz,1O3B1CF3@mailanator.com
xiplmkguxhndx.myrfostg.biz,XVFHX9N2@mailanator.com
vhiitrzkkbxra.myrfostg.biz,HDPTBN8I@mailanator.com
omijhivoehlcw.myrfostg.biz,NOZM8FDQ@mailanator.com
oajsisxyacvbc.myrfostg.biz,V6TIN3X5@mailanator.com
hbbsvfkxhfsjf.myrfostg.biz,9TSXG9WM@mailanator.com
cxuqayglbvvqs.myrfostg.biz,YMMB9426@mailanator.com
uotntxobtbuxc.myrfostg.biz,Z85FIO92@mailanator.com
kxikxzymfqvqn.myrfostg.biz,SEPDI7IO@mailanator.com
kouwdhqayrjrc.myrfostg.biz,EU6BIO2X@mailanator.com
loeytleyoklgn.myrfostg.biz,P6AFHIIH@mailanator.com
ayzdnjyhrheiu.myrfostg.biz,TTUXSGO6@mailanator.com
himgyajtcgvuf.myrfostg.biz,QZ4R9FAU@mailanator.com
iukdqhmsrzbts.myrfostg.biz,EJO4VXX8@mailanator.com
jcbnzwzhdnscl.myrfostg.biz,X8GXYIDP@mailanator.com
jbuipztbppids.myrfostg.biz,XJEZ20SB@mailanator.com
afljkdztmjqvx.myrfostg.biz,L3UCFLKV@mailanator.com
mfnxxutvewzuz.myrfostg.biz,JWAYVTZ4@mailanator.com
jspflauxihcti.myrfostg.biz,N96N5MZG@mailanator.com
mgacucsbxgivp.myrfostg.biz,2S0KWG61@mailanator.com
ecvdkfjgxbgqy.myrfostg.biz,KEPH4WLE@mailanator.com
nsydhalgxbras.myrfostg.biz,60Q03TKK@mailanator.com
iqdettfmewbhq.myrfostg.biz,ZD1BFCTJ@mailanator.com
zksanjnjyuqok.myrfostg.biz,B3SITWQT@mailanator.com
araaqpdsbnknp.myrfostg.biz,A5S3JHQM@mailanator.com
kfayssnimnprz.myrfostg.biz,PV2WYWS4@mailanator.com
vcshuwinoefcq.myrfostg.biz,YW497JC7@mailanator.com
yiocwhpwqhxge.myrfostg.biz,UNNK8UK2@mailanator.com
uiukjaiicitak.myrfostg.biz,8SLY00E6@mailanator.com
dbkouesjyccyx.myrfostg.biz,2K5DP0XS@mailanator.com
dpsxnnjaibqyw.myrfostg.biz,YFO25ZC1@mailanator.com
pelvzuujupncl.myrfostg.biz,VBZZ20LI@mailanator.com
lfinwqjnauqnz.myrfostg.biz,CCSH4W36@mailanator.com
qokjgslovasfp.myrfostg.biz,JOPJKK41@mailanator.com
vyiwnfkfksgbl.myrfostg.biz,7ND3IA0A@mailanator.com
urqkgrtruxhrp.myrfostg.biz,YOSN7VUB@mailanator.com
ehpkabitwptfg.myrfostg.biz,53QPRYNV@mailanator.com
vwvsuirwufynw.myrfostg.biz,MN41XBWI@mailanator.com
kutmpwebuwnvg.myrfostg.biz,AXYJFE66@mailanator.com
djopbnzljcdha.myrfostg.biz,HAD573NM@mailanator.com
dznrfcbmqzyxz.myrfostg.biz,29KVSP7A@mailanator.com
dbymmefasaquv.myrfostg.biz,XX1IEA0P@mailanator.com
lmlgwgbyfuvsg.myrfostg.biz,M0WV6SMA@mailanator.com
taljpszyemkph.myrfostg.biz,UZ1PPXFH@mailanator.com
qtzshkzsmkijd.myrfostg.biz,9TR3RJYC@mailanator.com
taatlrxgbmgju.myrfostg.biz,O88IVE7Q@mailanator.com
kvijviluknabd.myrfostg.biz,99NZ0AZM@mailanator.com
kttevnibgqbxr.myrfostg.biz,AWTILJAJ@mailanator.com
cncypsflxpovv.myrfostg.biz,ZDE4G984@mailanator.com
douqlvprzgoxi.myrfostg.biz,H6PTIMW5@mailanator.com
turhzzcmxvhnz.myrfostg.biz,WQ6SQHSG@mailanator.com
mfdomqvwgmvfo.myrfostg.biz,LPRXQV5A@mailanator.com
ohbdeyvqgtipp.myrfostg.biz,646NFQGO@mailanator.com
smoflnffmoynr.myrfostg.biz,Y7YR8G4D@mailanator.com
pvdakihtqrqbi.myrfostg.biz,2WJD7JBU@mailanator.com
tvxmkusxfmzci.myrfostg.biz,KD1K7G9N@mailanator.com
fusammeadacaq.myrfostg.biz,D1C5JTIM@mailanator.com
grgpebothdbxa.myrfostg.biz,4MCLLL3P@mailanator.com
isxjurhmylpnh.myrfostg.biz,AXBRBXVA@mailanator.com
rjvdimubdkjep.myrfostg.biz,IEN2KE8W@mailanator.com
bjprfyxmvqbdv.myrfostg.biz,CX0J656R@mailanator.com
rvdifsydtfdsf.myrfostg.biz,RX4OAFIV@mailanator.com
htsdlkcffrput.myrfostg.biz,4KLE35DG@mailanator.com
dpbjyrxipzgoi.myrfostg.biz,YOJR16NO@mailanator.com
mdnkiwhoespfl.myrfostg.biz,9D0XGC72@mailanator.com
vjcryyjlmhyik.myrfostg.biz,4DXWQEB3@mailanator.com
bhnnfylkodxir.myrfostg.biz,FYGPOUPB@mailanator.com
lepcwqbfuqnft.myrfostg.biz,DTT9FWT2@mailanator.com
qwylcrvqzvawd.myrfostg.biz,IPEV53X4@mailanator.com
hjtqcwifxckjh.myrfostg.biz,Z1UFI9D7@mailanator.com
nhmjzeddmwwqs.myrfostg.biz,KYRNLJFS@mailanator.com
wncvuirtqyzvz.myrfostg.biz,R8C8W656@mailanator.com
ywwotamrppcsd.myrfostg.biz,ABBY9NHI@mailanator.com
tbirlpsynehqn.myrfostg.biz,X7VSMPMA@mailanator.com
