durolmvsusskv.myrfostg.biz,PEGSYEYZ@mailanator.com
fsuwcmjdiamdd.myrfostg.biz,JSI19DTZ@mailanator.com
rpnswarzdwmwx.myrfostg.biz,3ZK0VC2G@mailanator.com
wlolqjamymhje.myrfostg.biz,2ICOZSSX@mailanator.com
urriaowfktxbm.myrfostg.biz,LHA1G2K0@mailanator.com
kpkoflrqsehnp.myrfostg.biz,ZCRHZEYG@mailanator.com
ihokjntviioll.myrfostg.biz,Q9FNAV5W@mailanator.com
kizuhbmmmezek.myrfostg.biz,SFT288GD@mailanator.com
tzydsosgztcvl.myrfostg.biz,JBCZD546@mailanator.com
dqqrosywlgefk.myrfostg.biz,TIW82KTH@mailanator.com
lhwoxubvselsr.myrfostg.biz,8XMGM748@mailanator.com
kxuzixnfsskvq.myrfostg.biz,LWBH9SFT@mailanator.com
xrtsuicqdpvmn.myrfostg.biz,ZKD543RP@mailanator.com
nbqnxrncyalnh.myrfostg.biz,7OR1HDCN@mailanator.com
iipmxuygqunbn.myrfostg.biz,9FJG0K9U@mailanator.com
qgcaujfdggfek.myrfostg.biz,3RFFUG1N@mailanator.com
ztdqwamnzzvqa.myrfostg.biz,F58H820Q@mailanator.com
tpssheyqdkyos.myrfostg.biz,G8U1VZN0@mailanator.com
kwsfwxnyezqvi.myrfostg.biz,J3AVE1NZ@mailanator.com
jfyqmxdrtlbny.myrfostg.biz,AJOMBAV1@mailanator.com
bclflbtjxzyhc.myrfostg.biz,JNM1XPNW@mailanator.com
jceamvdsxaqko.myrfostg.biz,1AX7LHFC@mailanator.com
cofqwnjhklqmn.myrfostg.biz,UPIOATNG@mailanator.com
fgjlkhtjugahd.myrfostg.biz,KHPNSJF7@mailanator.com
lxigupeywldvj.myrfostg.biz,HAG7TJEE@mailanator.com
mqfpfowlvqtlj.myrfostg.biz,NH5HMP18@mailanator.com
zazcykpltjnev.myrfostg.biz,VLVEJAK7@mailanator.com
niwehbeyobmhc.myrfostg.biz,2M90QCZO@mailanator.com
wskszjltwzgck.myrfostg.biz,1CWS0NZQ@mailanator.com
iayuatbhzudpv.myrfostg.biz,N4EEP5KJ@mailanator.com
zizmaznvmwbfw.myrfostg.biz,MNHK5DJY@mailanator.com
dgaujeotktjzg.myrfostg.biz,389FUORI@mailanator.com
fenegajhaspuj.myrfostg.biz,21NSN9Z9@mailanator.com
ldglzjhfgfalb.myrfostg.biz,EHI3X7KT@mailanator.com
prgsigtmixgky.myrfostg.biz,PSR8DBKC@mailanator.com
kvnfsxbhbzkib.myrfostg.biz,X3UW1FXK@mailanator.com
yqetoygddvdin.myrfostg.biz,F2M0HUXC@mailanator.com
zstjjnbiqiyfm.myrfostg.biz,MERQ5N5O@mailanator.com
oxtsvbbqmcwgu.myrfostg.biz,SYTSNV1N@mailanator.com
ybeislfamibyl.myrfostg.biz,1MYPJ5T1@mailanator.com
ynchpihsszyoj.myrfostg.biz,0IV5B484@mailanator.com
wtrfxurmztppm.myrfostg.biz,OYF3DI9S@mailanator.com
oltorphpqwnqb.myrfostg.biz,2T9IBEMF@mailanator.com
ccxhfofceavkt.myrfostg.biz,JH49C5W2@mailanator.com
zukpoilypbqiw.myrfostg.biz,WXSEJ0VP@mailanator.com
ydjflosikouyc.myrfostg.biz,HHCPNC18@mailanator.com
gidnlebthadfp.myrfostg.biz,T7NJY68X@mailanator.com
cdvnubiyxrvfj.myrfostg.biz,PU35GRTV@mailanator.com
srqsbuqwkaxxi.myrfostg.biz,E8FB81TI@mailanator.com
csfsqinaeqpxn.myrfostg.biz,JEU219O5@mailanator.com
wmqstwhcuywyh.myrfostg.biz,0V8XKO7Q@mailanator.com
zecwanjkynlda.myrfostg.biz,8ZQ8DH75@mailanator.com
gctqxfqmwiddu.myrfostg.biz,UCQLMG0Y@mailanator.com
xwhhiyhvzrdou.myrfostg.biz,BXTMUZFZ@mailanator.com
qffpsfipfevvf.myrfostg.biz,GQZ54TYN@mailanator.com
owxyhcxpymqoj.myrfostg.biz,GGHW0YHO@mailanator.com
iljzepycndctx.myrfostg.biz,318PX630@mailanator.com
xluzbazydbmit.myrfostg.biz,G3CWDJAP@mailanator.com
ysekocqvlkdvx.myrfostg.biz,PRVIK00Y@mailanator.com
jzeyachfdvnjf.myrfostg.biz,2X92OUMX@mailanator.com
ptcqgafspkyoa.myrfostg.biz,TH8K53WE@mailanator.com
sdehwzgnkwibt.myrfostg.biz,HZ668YRZ@mailanator.com
zwhaaeyxvtofm.myrfostg.biz,HPWC6DP9@mailanator.com
apjitzjbsplrg.myrfostg.biz,SQ1J21TX@mailanator.com
ngkkzwpznchiy.myrfostg.biz,IHSPRMTN@mailanator.com
bqkgwawkcdtsn.myrfostg.biz,DYTP37X8@mailanator.com
ewnryzkiqfvwi.myrfostg.biz,SBYD4J47@mailanator.com
ztuaqrnpvbewl.myrfostg.biz,DNO000S8@mailanator.com
iwqnpwcfkwltq.myrfostg.biz,Q5WLKL5S@mailanator.com
zxociopspiddg.myrfostg.biz,0047X9ZD@mailanator.com
fpivbudkztvoh.myrfostg.biz,RJUVNS4J@mailanator.com
onjiujwsfyqbc.myrfostg.biz,GJHSL3IE@mailanator.com
vvcgngbembtjt.myrfostg.biz,Y9CFVE8J@mailanator.com
rhdxyljpdvhpt.myrfostg.biz,48KG6NZM@mailanator.com
yducfoxqxazju.myrfostg.biz,OOZTLE21@mailanator.com
kxzxhlbyjfprb.myrfostg.biz,RC9BK5EP@mailanator.com
lghofyaarzyuz.myrfostg.biz,4J28CMD5@mailanator.com
shqnyrlpehzfz.myrfostg.biz,D8TB1D4N@mailanator.com
fcasjmjnbjfqv.myrfostg.biz,G11XAGGA@mailanator.com
ssjzcpdjqhnwc.myrfostg.biz,QIRA2OIE@mailanator.com
jicqlsmgzevwg.myrfostg.biz,FYSVPHSB@mailanator.com
plqkpefmnikum.myrfostg.biz,IKDNOTRG@mailanator.com
dlrfqkasxakhc.myrfostg.biz,B7G3EKZJ@mailanator.com
rkvdaggmyusww.myrfostg.biz,7JK3R6W9@mailanator.com
ygqafjgxblvcu.myrfostg.biz,CXK2F7QO@mailanator.com
uhnytqolhtcva.myrfostg.biz,9ISJ16FW@mailanator.com
tzddbeqbtnozl.myrfostg.biz,U7OKZUR0@mailanator.com
vcqskcnrnsmtd.myrfostg.biz,7VUVB5JY@mailanator.com
tnztnhlcluktv.myrfostg.biz,UCY31Q07@mailanator.com
tngqsvnixzadm.myrfostg.biz,0CB8FFXU@mailanator.com
jlobjzbcugnit.myrfostg.biz,7H1XCZ55@mailanator.com
upivvaukskkma.myrfostg.biz,LLV0ALNK@mailanator.com
bsflpooanqpte.myrfostg.biz,VST3Q2YA@mailanator.com
oxetxicrwmdsj.myrfostg.biz,32X1TOAA@mailanator.com
iyaczjloayezj.myrfostg.biz,6D3L9K39@mailanator.com
dgwwxfouezoeb.myrfostg.biz,C7NL3PJ3@mailanator.com
eyjqmkuifaexv.myrfostg.biz,86R2JHHT@mailanator.com
uxkekhqgyxzkq.myrfostg.biz,BB46IZ01@mailanator.com
dcqidrnlsgoqu.myrfostg.biz,FXTSO3CZ@mailanator.com
iknijozhobvnj.myrfostg.biz,XIOOKIRG@mailanator.com
iocywuyqqanbw.myrfostg.biz,OD3KQ0W2@mailanator.com
jlgmtkjzbzndi.myrfostg.biz,RK2M7I9O@mailanator.com
twuaqrhjjvhrm.myrfostg.biz,NK8KE1MK@mailanator.com
phgzcdlrbgtzz.myrfostg.biz,CN2LFJ9F@mailanator.com
lxqzohgywmdak.myrfostg.biz,CHC4RL4M@mailanator.com
hmebpcsvanxds.myrfostg.biz,26WPW90P@mailanator.com
rcpuguwvgjofj.myrfostg.biz,RC3LDGQN@mailanator.com
avsbujmdyrghe.myrfostg.biz,TMGVGAI6@mailanator.com
cmmtaduyyvuxv.myrfostg.biz,0CL94D7E@mailanator.com
fdltcrkwnyxuj.myrfostg.biz,5ZEEKSC8@mailanator.com
lvmstwtjzwcmi.myrfostg.biz,BHHZJQXR@mailanator.com
empyuhwljrhhc.myrfostg.biz,5RCCYEWF@mailanator.com
wafehujrzunxf.myrfostg.biz,LQFYR0PO@mailanator.com
srdsgjvspvmga.myrfostg.biz,8IZ29LKL@mailanator.com
mtyeovedkajhc.myrfostg.biz,1ZYQMD6O@mailanator.com
uvnsumofpqcvn.myrfostg.biz,CJTTSFT7@mailanator.com
ngnydgwizgrno.myrfostg.biz,Z1C07COI@mailanator.com
sybleoudazszo.myrfostg.biz,D0RGRIQP@mailanator.com
cdnotuuiajyls.myrfostg.biz,POWB09AD@mailanator.com
tijxsjhtgzibd.myrfostg.biz,BMC31BA0@mailanator.com
hqmrmnvypdejy.myrfostg.biz,WZ6NY5HL@mailanator.com
pbdneoufcvirz.myrfostg.biz,DSYTTPI6@mailanator.com
erwctjwauzxxz.myrfostg.biz,DLBFJKKD@mailanator.com
ccyioiyrdgrzd.myrfostg.biz,H115PJ7J@mailanator.com
wjlcewhomkgkt.myrfostg.biz,0J74NSFB@mailanator.com
nudltnjfdhdtz.myrfostg.biz,VGIY8V2L@mailanator.com
vqybswdqlnfsb.myrfostg.biz,MPXKFUDP@mailanator.com
wvvczflirrrey.myrfostg.biz,GXGW6GIW@mailanator.com
zvzrriifobdyu.myrfostg.biz,CZE013ED@mailanator.com
vtlobjddjnxkj.myrfostg.biz,BBAHMD93@mailanator.com
hzhmtzoqahnbk.myrfostg.biz,R4ZHS402@mailanator.com
qhtrvqmwykgnh.myrfostg.biz,VEUP2PBK@mailanator.com
qgynlfhixyxxp.myrfostg.biz,JA95V4LU@mailanator.com
zgstefbibdlqn.myrfostg.biz,BHMJ83EQ@mailanator.com
pdqefpjrpexgb.myrfostg.biz,4L1WLVWV@mailanator.com
srnezytpguvvo.myrfostg.biz,0XKIN8GZ@mailanator.com
fyvpaymjnipyj.myrfostg.biz,4OT2HUZ2@mailanator.com
rdbbcsizmbbrf.myrfostg.biz,MZ9AQUC9@mailanator.com
uixixusywlwgd.myrfostg.biz,Q733P0T6@mailanator.com
ldowyrecetlvt.myrfostg.biz,RBY1H3UR@mailanator.com
cyhdyzdyoolwe.myrfostg.biz,8BZA99JD@mailanator.com
naqasnopphehp.myrfostg.biz,86QKHCXV@mailanator.com
sorhppzvzioxn.myrfostg.biz,9HQUKWSX@mailanator.com
ozvucbfmhwpwh.myrfostg.biz,1O03N93W@mailanator.com
skhxhkqxjwang.myrfostg.biz,OJWAWRPX@mailanator.com
exgqhrnppealy.myrfostg.biz,X7W5GOH2@mailanator.com
bybgoqoeeeeuu.myrfostg.biz,05UI4LXC@mailanator.com
bhuuktidqjtuf.myrfostg.biz,STF8IORN@mailanator.com
nyczsnnojlbjg.myrfostg.biz,41HP1WJ5@mailanator.com
xgxqmtztytovv.myrfostg.biz,097QD1EF@mailanator.com
lpjwwelhlvscj.myrfostg.biz,DWACH07U@mailanator.com
fkeqeulrulypf.myrfostg.biz,EJDGR39N@mailanator.com
hrzsxtfurvqhn.myrfostg.biz,LXEA0GOO@mailanator.com
wohsovkaotgru.myrfostg.biz,YH6TLS18@mailanator.com
bgmoldzmztrbb.myrfostg.biz,B7P8ATOJ@mailanator.com
tnduitvpetoba.myrfostg.biz,EC2MVZ8E@mailanator.com
mxcmdnqilgipq.myrfostg.biz,OR10OPDR@mailanator.com
kcxwpglmjvgrp.myrfostg.biz,YGZ1YGL6@mailanator.com
lsltnprhpofqe.myrfostg.biz,QGD14IHC@mailanator.com
qbjymsbvxpxqh.myrfostg.biz,43II5YPZ@mailanator.com
muxmmqohmfrof.myrfostg.biz,Q6TAC45Z@mailanator.com
bdpoyxlpqycuw.myrfostg.biz,N51P7AKB@mailanator.com
zscjkghkzcrby.myrfostg.biz,S8H9TVTA@mailanator.com
avyvdgxixahku.myrfostg.biz,WH3TCPIR@mailanator.com
xeuywbiotbndz.myrfostg.biz,YROUS7A0@mailanator.com
bxhovsbrgbiol.myrfostg.biz,GY9IG085@mailanator.com
moqztkvpqfekz.myrfostg.biz,X4MD3N2E@mailanator.com
lliqieuymfgiq.myrfostg.biz,8KF51PHO@mailanator.com
dhwlduncybzis.myrfostg.biz,GVIDDPJY@mailanator.com
owietvoxgwpdb.myrfostg.biz,OXSMWIXL@mailanator.com
tduihivzzxltd.myrfostg.biz,4THWTM6F@mailanator.com
mkbxwqlkioikw.myrfostg.biz,OK5ZDU4R@mailanator.com
recopsjefedxd.myrfostg.biz,EIJH36OX@mailanator.com
xmubbcbchgyzm.myrfostg.biz,5OCPBNGZ@mailanator.com
yelqnczamdsxk.myrfostg.biz,5FB4E3M8@mailanator.com
lnuthjuiifein.myrfostg.biz,BPKBC63K@mailanator.com
elxphuqylfysl.myrfostg.biz,FBT36DCI@mailanator.com
dfqheltzcrpoq.myrfostg.biz,DPA57URM@mailanator.com
ufaynfwhvijts.myrfostg.biz,3PDASMO7@mailanator.com
wnwguywbjgono.myrfostg.biz,F15M6VC1@mailanator.com
dtghshhbknyov.myrfostg.biz,5AVE34JY@mailanator.com
ilqwhiemouwwh.myrfostg.biz,KTGB6A5S@mailanator.com
irzizzttkownw.myrfostg.biz,JXE7JCK2@mailanator.com
zfgwcwkukpyej.myrfostg.biz,2G26TXUP@mailanator.com
bjtrwftgjvqts.myrfostg.biz,ASESARQ7@mailanator.com
yjwyyixmpbnca.myrfostg.biz,U2QTOHL1@mailanator.com
ljxjtvpndtrfy.myrfostg.biz,NDFBQ4O7@mailanator.com
ebuhltcdojemq.myrfostg.biz,RR8F17JI@mailanator.com
ybkbsoxyktxod.myrfostg.biz,SL68E0ZY@mailanator.com
bbqpwsnsizzwg.myrfostg.biz,VQHVH0AJ@mailanator.com
uglktuuatqxvx.myrfostg.biz,8R3SPCIC@mailanator.com
konglccrswlrq.myrfostg.biz,ERXLM6HR@mailanator.com
itcjqulvfsxco.myrfostg.biz,0YDHCRSX@mailanator.com
wcangazfowxsr.myrfostg.biz,1UTTYKEL@mailanator.com
edyngazybisqn.myrfostg.biz,BEAEVEBI@mailanator.com
ieihigjamhidi.myrfostg.biz,DE6WJ0DS@mailanator.com
qeujtlwkcxjhw.myrfostg.biz,8M0AJQE9@mailanator.com
hkqpqveamomji.myrfostg.biz,YA2WX6ZU@mailanator.com
ijuhbskkidrnl.myrfostg.biz,1XRCHP2X@mailanator.com
sqlbrnfsznjnj.myrfostg.biz,ZVP1ZE7J@mailanator.com
zflxjrezoutnd.myrfostg.biz,U7MNJR4U@mailanator.com
rhgnbplfqhajk.myrfostg.biz,HJAU6E4G@mailanator.com
ngppnsucodcmu.myrfostg.biz,SNCADB0E@mailanator.com
jugnxfqcavqgs.myrfostg.biz,38ZRCROS@mailanator.com
vlbmjypixzhrl.myrfostg.biz,T919FTUW@mailanator.com
wbgcnlddtabrk.myrfostg.biz,3ESN0UQW@mailanator.com
tdqlpobdkajcn.myrfostg.biz,PHBJAZOC@mailanator.com
ydipcxotwpqpy.myrfostg.biz,AD2KW0TP@mailanator.com
rzemhmnnvhvab.myrfostg.biz,JZ8H8IC5@mailanator.com
rxtvekdjflsfk.myrfostg.biz,EE2A1WKY@mailanator.com
cyvhxwktcwxgz.myrfostg.biz,4J6QL1WO@mailanator.com
kwkhmutfhxftd.myrfostg.biz,QJLY3HAX@mailanator.com
dhrxkixuqkdyd.myrfostg.biz,RMDBVTDX@mailanator.com
vvjwtpogilgja.myrfostg.biz,3G77SR70@mailanator.com
txfaeruryctiq.myrfostg.biz,2CS3I94T@mailanator.com
axdcxytztvhko.myrfostg.biz,8WCVMOZM@mailanator.com
imymtqqpinwae.myrfostg.biz,EZDC06TI@mailanator.com
tzfxlibwxljrz.myrfostg.biz,ELWUBFHA@mailanator.com
zhfbzdhhjvgzi.myrfostg.biz,92W9NT8H@mailanator.com
ipsahghpbzvll.myrfostg.biz,KPMXL35W@mailanator.com
xcpwqcwjhlqnq.myrfostg.biz,JHGXCYI9@mailanator.com
jugtosnwqljem.myrfostg.biz,N6ZLXBXC@mailanator.com
ubsfmaijppcly.myrfostg.biz,IJLALMO4@mailanator.com
udgcfvhoziqti.myrfostg.biz,AS4YA54A@mailanator.com
fopojlmfrlnvm.myrfostg.biz,8KH92ZE8@mailanator.com
vboweauyyrngd.myrfostg.biz,3UN816QN@mailanator.com
smgxucetkaqje.myrfostg.biz,UAATVN1Z@mailanator.com
vzssmnilpwmkd.myrfostg.biz,GWR9817R@mailanator.com
niaoppnrdhrvm.myrfostg.biz,G02Y538D@mailanator.com
vysqkjgypizbn.myrfostg.biz,NQCQQGO0@mailanator.com
vbyepedioltrg.myrfostg.biz,18F574YI@mailanator.com
idgtyechgamud.myrfostg.biz,KCKCADBV@mailanator.com
piujktvwnpnff.myrfostg.biz,X6J5LEMY@mailanator.com
ebmwrckbrimcw.myrfostg.biz,R3H7SBY7@mailanator.com
jpcwgfvmooaoh.myrfostg.biz,TIOJ4C3I@mailanator.com
oanptkraygagy.myrfostg.biz,GHWREBAU@mailanator.com
opecgfoypgoxj.myrfostg.biz,KO7AE2ST@mailanator.com
yumawzmxxvwnm.myrfostg.biz,50150Y1N@mailanator.com
gcdhzsmjviscm.myrfostg.biz,RNBP70XK@mailanator.com
fzxlnnvukyvdm.myrfostg.biz,AXGYQOIZ@mailanator.com
fpglfdzjklgrd.myrfostg.biz,NKYEG55Z@mailanator.com
dutejbhfqyzvr.myrfostg.biz,VFW8RT4D@mailanator.com
vuliozpqzfmvm.myrfostg.biz,PTZN6KET@mailanator.com
ssqoibolfzvle.myrfostg.biz,AFD1B6FL@mailanator.com
ytdiagojmixeb.myrfostg.biz,TBEGPBFO@mailanator.com
ukinzlbaonifv.myrfostg.biz,4FVWQO4V@mailanator.com
ruwlrdpwlnzyo.myrfostg.biz,13SKCDIS@mailanator.com
ueodyxnbysiuw.myrfostg.biz,93O0IC2U@mailanator.com
jzwdodrydnzgp.myrfostg.biz,HAUW2V7S@mailanator.com
kdknjyuaftmwo.myrfostg.biz,T9GUWJFE@mailanator.com
blgoufehjvtix.myrfostg.biz,751E1SZ0@mailanator.com
ftygemktmkffc.myrfostg.biz,452PQAJ4@mailanator.com
dqavxterffobl.myrfostg.biz,V1DL5KXR@mailanator.com
docjjenowjyze.myrfostg.biz,3U8A0G18@mailanator.com
ytsiyawjtqsxg.myrfostg.biz,AKH9TAE6@mailanator.com
xvmszecwvyrwe.myrfostg.biz,VT7GXFZJ@mailanator.com
svoqljwxozoyd.myrfostg.biz,3L0WLJQ0@mailanator.com
uiwzgqzcdvfqf.myrfostg.biz,EPXOQT6K@mailanator.com
eivgznkmqpxuw.myrfostg.biz,CW32OZ1K@mailanator.com
qfetmqhyctiol.myrfostg.biz,UCYCU1V9@mailanator.com
kjkcyhulpwcpr.myrfostg.biz,L3OB3OUE@mailanator.com
jyffhwfbnmptj.myrfostg.biz,TNTLTUY0@mailanator.com
tlkdrfyauqzxd.myrfostg.biz,Q5IP5QX8@mailanator.com
pwfqmfyabpwhi.myrfostg.biz,KL3SK6P1@mailanator.com
drbtsulxugteo.myrfostg.biz,PVJOOPFV@mailanator.com
vgogsphedhcvx.myrfostg.biz,ZNK2FZWA@mailanator.com
owbrqlbenvnfm.myrfostg.biz,CQ6AIKR6@mailanator.com
dmsvuynxykmhs.myrfostg.biz,M0I1MLAY@mailanator.com
lgwcugkhzuyhd.myrfostg.biz,WZKQX7YP@mailanator.com
ergttewpyxbov.myrfostg.biz,DUUAXTFX@mailanator.com
zgftycqnyaqcz.myrfostg.biz,N8EY27DN@mailanator.com
txmdtwmpzdrzu.myrfostg.biz,RTYHJUYU@mailanator.com
cvuevpzyvcrud.myrfostg.biz,PASYR43V@mailanator.com
zacsjmlawgaot.myrfostg.biz,F8BMMF51@mailanator.com
tcumfamrdbjlf.myrfostg.biz,YQ3D7743@mailanator.com
zagyvfyxhkrap.myrfostg.biz,L0WVTMVN@mailanator.com
llknzbvbfhkxk.myrfostg.biz,IELXBF5N@mailanator.com
qrlamvuyqrdwh.myrfostg.biz,9KD89N6T@mailanator.com
zjgsxlhlblvxg.myrfostg.biz,FV9E43IW@mailanator.com
hguhcyxajaiit.myrfostg.biz,41WAK63C@mailanator.com
abzobafvxevsl.myrfostg.biz,I5P1Q8JJ@mailanator.com
rkldomzthftne.myrfostg.biz,RI2IZS3E@mailanator.com
hvbtzfzcilmoj.myrfostg.biz,FNAI3ETN@mailanator.com
fsvleybypgglu.myrfostg.biz,BB8L5XON@mailanator.com
upponuushcscw.myrfostg.biz,HYFCTGRX@mailanator.com
tjnobywkjssnf.myrfostg.biz,JCGRX18Y@mailanator.com
lsiybyykfizrh.myrfostg.biz,ZVLVGDIK@mailanator.com
cmutlatetpufy.myrfostg.biz,4FA5X161@mailanator.com
plwzhwyrlvogm.myrfostg.biz,7YW5630H@mailanator.com
zyrsaseuglbxs.myrfostg.biz,SMFL1ZSP@mailanator.com
iwrzfreojhlng.myrfostg.biz,867UL420@mailanator.com
xdnzmmbxmeqtl.myrfostg.biz,9QUTPT1M@mailanator.com
kgjuvepyowitl.myrfostg.biz,EVDQZCEK@mailanator.com
eaaabpuirepjm.myrfostg.biz,PM9LE44C@mailanator.com
zinlqwhzuctlo.myrfostg.biz,8KBPUX8H@mailanator.com
vukcubxwqnuqw.myrfostg.biz,ZBT78DMJ@mailanator.com
yivvihaeruxsz.myrfostg.biz,9PQFPCNA@mailanator.com
qfxydmfxbyprk.myrfostg.biz,CI2SIM0I@mailanator.com
ofgqklocksotn.myrfostg.biz,BG080C06@mailanator.com
hfwsktnlqwsmr.myrfostg.biz,89B643FR@mailanator.com
tazrquluttqxh.myrfostg.biz,YZHGFBLQ@mailanator.com
ynolvijpgrzoo.myrfostg.biz,98GMVTGY@mailanator.com
ocvaqgrocynvv.myrfostg.biz,PQK0BC06@mailanator.com
xkbwmdoiunaow.myrfostg.biz,UTJC5O83@mailanator.com
jmnoqwucmqpbp.myrfostg.biz,XK6NXB82@mailanator.com
hvbixsibieybk.myrfostg.biz,CX44NFCN@mailanator.com
hsjbsnjdjbytj.myrfostg.biz,1R37KSYC@mailanator.com
nsybfaknaitbs.myrfostg.biz,E7MO01RY@mailanator.com
upmhsnxhgvyyz.myrfostg.biz,J0KIJZVA@mailanator.com
qxcdupyepiide.myrfostg.biz,ZH3YVUU6@mailanator.com
ticcqslwxhumq.myrfostg.biz,9IS151KV@mailanator.com
apiccvpwomvxd.myrfostg.biz,30KIT2GA@mailanator.com
bnlunaeirbqxw.myrfostg.biz,2UIO7OBK@mailanator.com
iglacdygezdcf.myrfostg.biz,ZHGFH6KV@mailanator.com
domejoqypcxhv.myrfostg.biz,7ZOQMJ99@mailanator.com
olvirxeznrlzu.myrfostg.biz,HD7TBYKA@mailanator.com
jiwqitighyxiu.myrfostg.biz,RMB3M3AI@mailanator.com
yictjxclmaieu.myrfostg.biz,9OLI4C4N@mailanator.com
rekgockyqevud.myrfostg.biz,A8HHIGTL@mailanator.com
exkwzcxeocbec.myrfostg.biz,GXDDLDRD@mailanator.com
gmvineqxrirzo.myrfostg.biz,0XM4JYJA@mailanator.com
vuykjklowprzx.myrfostg.biz,2RD8U00A@mailanator.com
bcbkobzsghbfx.myrfostg.biz,WITUVZ2R@mailanator.com
fxlqxmsrsfbil.myrfostg.biz,NPZKO6NJ@mailanator.com
dwkqxgcisupra.myrfostg.biz,L7Z0W3Q5@mailanator.com
mspxfqcuhwhsh.myrfostg.biz,SWAPTCMW@mailanator.com
inafbrzmjzagn.myrfostg.biz,HIZR8SJW@mailanator.com
yogyoqeqxkkez.myrfostg.biz,RH3QXIII@mailanator.com
chcmcbjesjkff.myrfostg.biz,ZSL1DE6O@mailanator.com
zpoixhikwvtwi.myrfostg.biz,W2FOS955@mailanator.com
hniwzgwmzcoyc.myrfostg.biz,2TY3F1CI@mailanator.com
hxdrzblayamxo.myrfostg.biz,05GSCBO0@mailanator.com
farqplhkgbepo.myrfostg.biz,4JOQ4BWJ@mailanator.com
crzckmgsksmwq.myrfostg.biz,E798W8IN@mailanator.com
dntuqjxqedppd.myrfostg.biz,WY5T1V70@mailanator.com
wlixznudskxkp.myrfostg.biz,SY259XG8@mailanator.com
rzmghbgarffay.myrfostg.biz,Z71NH2W6@mailanator.com
lrzaakatdrgrb.myrfostg.biz,M2P48RS1@mailanator.com
xywpmiczjfnvs.myrfostg.biz,N4R13NRZ@mailanator.com
yggbjulgftffc.myrfostg.biz,OC5RHBMD@mailanator.com
kwfrxzajivwvs.myrfostg.biz,137M1S4J@mailanator.com
eudbelcufcxxk.myrfostg.biz,N3FWY0IC@mailanator.com
aukxmjagxewrx.myrfostg.biz,SZORWIHV@mailanator.com
bhnbjpqbbbtod.myrfostg.biz,2HB5K718@mailanator.com
ykvhxabzdvrwh.myrfostg.biz,XHVZ8MA8@mailanator.com
hxdgcvziocnim.myrfostg.biz,TX4MIC6R@mailanator.com
owupzdfmkygjp.myrfostg.biz,N181R2MK@mailanator.com
kclxelvzxvvxk.myrfostg.biz,OP3DG56M@mailanator.com
bhtwtessziuik.myrfostg.biz,VK6ZW9S5@mailanator.com
navkgbyapnamj.myrfostg.biz,8GGPLSZA@mailanator.com
xbstaqvdhbmdx.myrfostg.biz,L26TZTEZ@mailanator.com
ajsqkrqigokhv.myrfostg.biz,AF176JPH@mailanator.com
eyrmtzxsegmmr.myrfostg.biz,6KVZU7GA@mailanator.com
kimckfsksltvj.myrfostg.biz,HMKJKZKU@mailanator.com
xjhrrwceyjoao.myrfostg.biz,EEHTJZ6H@mailanator.com
sgzrdxqgefvpl.myrfostg.biz,PVEV1DY7@mailanator.com
tydtzzcmapptl.myrfostg.biz,O5H4WMRF@mailanator.com
zuylttdfsqzcq.myrfostg.biz,K33G3FC3@mailanator.com
rykobeaejxrqw.myrfostg.biz,UHDGQNAE@mailanator.com
kawahzhntehsz.myrfostg.biz,DQRBWW5B@mailanator.com
feenizmwnqmnb.myrfostg.biz,PL7942KQ@mailanator.com
dswkmgcsfmaqs.myrfostg.biz,KF8AVX7F@mailanator.com
fzoxaaehyfahm.myrfostg.biz,TIF2XYYL@mailanator.com
wioigxuimxypj.myrfostg.biz,GQ0I6T2Q@mailanator.com
xuurmqppahgxb.myrfostg.biz,KKN7ETVZ@mailanator.com
erqgubefiqgcf.myrfostg.biz,TJZREW8I@mailanator.com
aphbxifhmkgrv.myrfostg.biz,NNDE4WZY@mailanator.com
wjqagegsnuvyx.myrfostg.biz,LKUQMWXK@mailanator.com
gdpqkyfvgsfgj.myrfostg.biz,0BLAK1C7@mailanator.com
rdivfmgybimrv.myrfostg.biz,J5OJBA96@mailanator.com
hrdwjvyfyvned.myrfostg.biz,B2M6RY0K@mailanator.com
oaiobnczmbjvx.myrfostg.biz,1T4X9BVI@mailanator.com
qjkrnysexjhna.myrfostg.biz,8VCRJ9ZW@mailanator.com
gdhomelepyvmv.myrfostg.biz,NJZ55KC7@mailanator.com
gycsbwbkbzhyb.myrfostg.biz,YLN00611@mailanator.com
mrxtnhhavbszd.myrfostg.biz,RN7CDUZ5@mailanator.com
pgvgpungkived.myrfostg.biz,GJO1XC3Z@mailanator.com
nvzyereaixxkm.myrfostg.biz,UHCJNS4F@mailanator.com
chvixndtjzcxj.myrfostg.biz,F5E2WNY6@mailanator.com
rbemxajaopgrg.myrfostg.biz,D9LWAQJR@mailanator.com
mtiznhlbfrxay.myrfostg.biz,YD2J3NXO@mailanator.com
srlhgckiytsdi.myrfostg.biz,GA6EMYU5@mailanator.com
avstwbtuvdcfa.myrfostg.biz,C1AUE73K@mailanator.com
yvdghduibweyl.myrfostg.biz,B2GD0D4W@mailanator.com
hmizwgitutnue.myrfostg.biz,5IFMUM84@mailanator.com
fwqqlwwaubryf.myrfostg.biz,6ORXLAVK@mailanator.com
gvtnivcjgqdzu.myrfostg.biz,FKHHBRT2@mailanator.com
vzmmvecxjxslh.myrfostg.biz,GKYQP85H@mailanator.com
sghvzycixlbyh.myrfostg.biz,DZNTDZGJ@mailanator.com
btjitzcoowrzz.myrfostg.biz,F2XVDX7X@mailanator.com
ycbgtxubifwcf.myrfostg.biz,JLHOYNC9@mailanator.com
rjilhnkslfnyy.myrfostg.biz,CGD9A7AU@mailanator.com
cjrjfphkymsqk.myrfostg.biz,WEXDI1RW@mailanator.com
ttvcauzkggfog.myrfostg.biz,HQD3H952@mailanator.com
drofnddzyzole.myrfostg.biz,77Q5VRKI@mailanator.com
cyauaeaiqjkfr.myrfostg.biz,8N2HUZF5@mailanator.com
ndnoxlcaowwji.myrfostg.biz,MANOVRTV@mailanator.com
gvcceypjlsfpq.myrfostg.biz,9KW1Q9WM@mailanator.com
aepxduavhjqps.myrfostg.biz,NXK5I17S@mailanator.com
kzhaltzerijmw.myrfostg.biz,TEVY7N56@mailanator.com
wiliipdyxrrwt.myrfostg.biz,VNO0EGEC@mailanator.com
kintcotdeqfpa.myrfostg.biz,5FU72CF9@mailanator.com
stbvrfojdpofs.myrfostg.biz,BQ3VA7N1@mailanator.com
pxtstmthpmoxh.myrfostg.biz,TP1NPOTQ@mailanator.com
sgcknvxblmdhd.myrfostg.biz,RVHILU9I@mailanator.com
dgdixgkiectol.myrfostg.biz,GJ20QFX8@mailanator.com
vxejymtvtqtxj.myrfostg.biz,J7LOGHH0@mailanator.com
mtekyoppytpnf.myrfostg.biz,UUODPAM0@mailanator.com
sbnmkuqloulyg.myrfostg.biz,T3ZP10M6@mailanator.com
lfvkegghgmydj.myrfostg.biz,WI15YCQN@mailanator.com
fpdchcohwbeul.myrfostg.biz,O94WE3FQ@mailanator.com
uuzjqqsxqbova.myrfostg.biz,HMNDFMBK@mailanator.com
ygqrpiloxkujx.myrfostg.biz,LIUWY6FZ@mailanator.com
kexgcwdnbypdj.myrfostg.biz,3HH93NJQ@mailanator.com
sdaqdojemdqzb.myrfostg.biz,DFHVEB9Y@mailanator.com
kpwuttwrbphfj.myrfostg.biz,AHR6R93W@mailanator.com
mrzokwoptqvbt.myrfostg.biz,FZ6L761A@mailanator.com
wmwtrmtmawwid.myrfostg.biz,CSS2L2PQ@mailanator.com
otskprhkgfwdf.myrfostg.biz,V5PJCNG2@mailanator.com
vkrfvslhtufvf.myrfostg.biz,FE1M5ZG8@mailanator.com
jpwthiichmero.myrfostg.biz,GXXGF9CH@mailanator.com
noqwfoumyoeri.myrfostg.biz,OOYWZT7H@mailanator.com
lvqkjnyzyurda.myrfostg.biz,MVS8CF7G@mailanator.com
qcltcqmeqaeft.myrfostg.biz,I9A9D83N@mailanator.com
augodrhnmnvhu.myrfostg.biz,VLFWOL6G@mailanator.com
qnladoliwwpur.myrfostg.biz,NI5A5C2F@mailanator.com
fhgmitschaerz.myrfostg.biz,CGAAV91C@mailanator.com
mpxxnrtvdbrlx.myrfostg.biz,66OUPSQT@mailanator.com
mkgfhqospzjdh.myrfostg.biz,BW8WKGF6@mailanator.com
nakpdnajixslr.myrfostg.biz,REKQYXII@mailanator.com
ulxlxvxbvvhbr.myrfostg.biz,NVPO5U6T@mailanator.com
etiguxzojkjzz.myrfostg.biz,QG74QG88@mailanator.com
zknfqzblanqlb.myrfostg.biz,FA00WV4H@mailanator.com
afihizefrwjng.myrfostg.biz,FP6YBXG8@mailanator.com
qbefbjwyakump.myrfostg.biz,PKS2I8B8@mailanator.com
irglafkudyuld.myrfostg.biz,KOHWBU8W@mailanator.com
axboeltefjurq.myrfostg.biz,3AZY93BE@mailanator.com
fnhazuxosygzc.myrfostg.biz,SS98WCMJ@mailanator.com
hejiydzyyfbbp.myrfostg.biz,SS1SZGVE@mailanator.com
vncufndujmpsy.myrfostg.biz,NADAT5QS@mailanator.com
jxwjmhiuqvswm.myrfostg.biz,IRMXIBST@mailanator.com
hnbtrlkabvdlq.myrfostg.biz,3YRUZXX3@mailanator.com
wmigneuyvxscf.myrfostg.biz,GVAL5G36@mailanator.com
obbgoijbsvryn.myrfostg.biz,5WF57XFW@mailanator.com
popzaktnzcohc.myrfostg.biz,0SFO7KE5@mailanator.com
uqsoenpvmxose.myrfostg.biz,4568ROME@mailanator.com
bavoadfsfoxmd.myrfostg.biz,N3RYFK7J@mailanator.com
ykkmmkolqames.myrfostg.biz,D0SUUWT7@mailanator.com
izywdfvfnxmws.myrfostg.biz,Y0B1WWWO@mailanator.com
peuvjuvuvqdyc.myrfostg.biz,JEW1AZVP@mailanator.com
vgmyedptjqxla.myrfostg.biz,5D9KHID5@mailanator.com
dwmhpvaofdotc.myrfostg.biz,GCDS9R5R@mailanator.com
svtnvyypshglm.myrfostg.biz,76188G95@mailanator.com
mbxrebkuqqbvh.myrfostg.biz,GFY9A2ZA@mailanator.com
czwzcbmnilgml.myrfostg.biz,50EF89YI@mailanator.com
abeokxdqznkyu.myrfostg.biz,YKT387GB@mailanator.com
jewdtklupngco.myrfostg.biz,VBC3AJUE@mailanator.com
fxmpgpzieaorj.myrfostg.biz,ZGY38OGT@mailanator.com
gkccrwpsldmpw.myrfostg.biz,AWX97MT4@mailanator.com
eitnyazfatpjl.myrfostg.biz,LQWDA1XV@mailanator.com
rhuvcdnqzoavk.myrfostg.biz,NWL833TN@mailanator.com
hbbmsxbtngxcq.myrfostg.biz,XI7958IW@mailanator.com
yuidcsotbclfr.myrfostg.biz,9X7BJ7VH@mailanator.com
goirnrohjadhf.myrfostg.biz,VJRGELP6@mailanator.com
vmccrycpznxla.myrfostg.biz,2TSJWT9D@mailanator.com
pwyyegpigyhcn.myrfostg.biz,GPQ8TUT6@mailanator.com
olglzsofilutm.myrfostg.biz,795FI9Q3@mailanator.com
pcykjytaisxuq.myrfostg.biz,DWDZIOJT@mailanator.com
xdguyhcphjcec.myrfostg.biz,WU63X8NC@mailanator.com
fbphkqscyzwfx.myrfostg.biz,3ESMBEKN@mailanator.com
lsumwbnjinimt.myrfostg.biz,9DS0MLLP@mailanator.com
lckcdccceodzq.myrfostg.biz,ZTBQBLTN@mailanator.com
xwajyybjxzhdm.myrfostg.biz,2S7Q4XR9@mailanator.com
nogisbnzkenud.myrfostg.biz,8Q8NN793@mailanator.com
nwwsepwznhnpb.myrfostg.biz,P2PJIEUP@mailanator.com
mjkgcrettgrmb.myrfostg.biz,TJI37SMC@mailanator.com
pdxjavqpeyhkb.myrfostg.biz,W6PXF729@mailanator.com
blhhibeaueiem.myrfostg.biz,OUPYZS4C@mailanator.com
fpekbdgsvmqmc.myrfostg.biz,JDDIF46Y@mailanator.com
cmralzjmommbr.myrfostg.biz,R914BTPG@mailanator.com
etsmkqkgtjgcs.myrfostg.biz,5CXV41PR@mailanator.com
njarfcvjrofzn.myrfostg.biz,9A4LCH6R@mailanator.com
wygdhjkehepuz.myrfostg.biz,TXO56JGX@mailanator.com
jwmvwalrwahtf.myrfostg.biz,3D5N03PC@mailanator.com
esikdsxklqpvv.myrfostg.biz,SJX6E1RG@mailanator.com
mzlumqzqepqwn.myrfostg.biz,ZMMRH9RR@mailanator.com
kzlousbguxlzy.myrfostg.biz,8VGLRIUP@mailanator.com
zaoadrvvizhzv.myrfostg.biz,7YXES9M9@mailanator.com
prlkdmarsojvi.myrfostg.biz,BCF5X6PS@mailanator.com
nvwnohqxleumc.myrfostg.biz,KHL7HU3J@mailanator.com
mubgmijfivhzm.myrfostg.biz,L7A5LSIF@mailanator.com
jiphvqltnvvuy.myrfostg.biz,XUVXH088@mailanator.com
abrofmvkxauux.myrfostg.biz,AAQCZ56L@mailanator.com
ruvgepavztymx.myrfostg.biz,STZ84GFN@mailanator.com
mvheqczewdnif.myrfostg.biz,DMLJ3TNS@mailanator.com
kgusjrmmssdmh.myrfostg.biz,UV3O7OOU@mailanator.com
ehcdlqqzlycny.myrfostg.biz,ND0Q33AS@mailanator.com
wuvkaxpjgxyfy.myrfostg.biz,YHRMRR89@mailanator.com
